Видеокамера Optimus IP-E021.3(3.6),3 817 р
Видеокамера Optimus IP-E021.0(3.6),2 865 р
Видеокамера Optimus IP-E041.0(3.6),3 208 р
Видеокамера  Optimus IP-E011.3(3.6)P,4 965 р
Видеокамера Optimus IP-H061.0W(2.8),5 347 р
Видеокамера Optimus IP-E021.0(2.8),2 882 р
Видеокамера Optimus IP-E011.3(3.6),4 182 р
Видеокамера Optimus IP-E011.0(2.8),3 333 р
Видеокамера Optimus IP-E022.1(3.6)_V2035,5 347 р
Видеокамера Optimus IP-E021.3(3.6)P,5 262 р
Видеокамера Optimus IP-E021.3(3.6)AP,5 442 р
Видеокамера Optimus IP-E022.1(3.6)AP,5 881 р
Видеокамера Optimus IP-E011.3(2.8-12)P,5 710 р
Видеокамера Optimus IP-E012.1(3.6)P_V2035,5 824 р
Видеокамера Optimus IP-E021.3(2.8-12)P,6 174 р
Видеокамера Optimus IP-E022.1(3.6),5 538 р
Видеокамера Optimus IP-E022.1(3.6)P,5 862 р
Видеокамера Optimus IP-E012.1(3.6)P,5 920 р
Видеокамера Optimus IP-E022.1(3.6)P_V2035,5 720 р
Видеокамера Optimus IP-E021.3(2.8-12)AP,6 558 р
Видеокамера Optimus IP-H062.0W(2.8),6 683 р
Видеокамера Optimus IP-E022.1(2.8-12)P,7 313 р
Видеокамера Optimus IP-E022.1(2.8-12)AP,7 409 р
Видеокамера Optimus IP-E014.0(4.0)P,9 662 р
Видеокамера Optimus IP-E042.1(3.6)P,7 199 р
Видеокамера Optimus IP-E014.0(2.8-12)P,10 311 р
Видеокамера Optimus IP-E012.1(2.8-12)P,7 388 р
Видеокамера Optimus IP-E042.1(2.8-12)P,7 636 р
Видеокамера Optimus IP-E024.0(2.8-12)P,9 889 р
Видеокамера Optimus IP-E012.1(5-50)PS,13 260 р
Видеокамера Optimus IP-P082.1(10x),17 987 р
Видеокамера Optimus IP-E092.1(20x),43 725 р
Видеокамера Optimus IP-E015.0(3.6-10)P,26 668 р
Видеокамера Optimus IP-E022.1(3.6)AP,5 881 р
Видеокамера Optimus IP-E022.1(3.6)P,5 862 р
Видеокамера Optimus IP-E021.3(2.8-12)P,6 174 р
Видеокамера Optimus IP-E012.1(3.6)P_V2035,5 824 р
Видеокамера Optimus IP-E012.1(3.6)P,5 920 р
Видеокамера Optimus IP-E014.0(4.0)P,9 662 р
Видеокамера Optimus IP-E022.1(2.8-12)P,7 313 р
Видеокамера Optimus IP-E012.1(2.8-12)P,7 388 р
Видеокамера Optimus IP-E042.1(3.6)P,7 199 р
Видеокамера Optimus IP-E022.1(2.8-12)AP,7 409 р
Видеокамера Optimus IP-E015.0(3.6-10)P,26 668 р
Видеокамера Optimus IP-E092.1(20x),43 725 р
Видеокамера Optimus IP-P082.1(10x),17 987 р
Видеокамера Optimus IP-H062.0W(2.8),6 683 р
Видеокамера Optimus IP-E021.0(2.8),2 882 р
Видеокамера Optimus IP-E042.1(2.8-12)P,7 636 р
Видеокамера Optimus IP-E021.3(2.8-12)AP,6 558 р
Видеокамера Optimus IP-E012.1(5-50)PS,13 260 р
Видеокамера Optimus IP-E024.0(2.8-12)P,9 889 р
Видеокамера Optimus IP-E014.0(2.8-12)P,10 311 р
Видеокамера Optimus IP-E022.1(3.6)P_V2035,5 720 р
Видеокамера Optimus IP-E021.3(3.6)AP,5 442 р
Видеокамера Optimus IP-E011.0(2.8),3 333 р
Видеокамера Optimus IP-E021.0(3.6),2 865 р
Видеокамера Optimus IP-E011.3(2.8-12)P,5 710 р
Видеокамера Optimus IP-E041.0(3.6),3 208 р
Видеокамера  Optimus IP-E011.3(3.6)P,4 965 р
Видеокамера Optimus IP-E011.3(3.6),4 182 р
Видеокамера Optimus IP-E021.3(3.6),3 817 р
Видеокамера Optimus IP-H061.0W(2.8),5 347 р
Видеокамера Optimus IP-E022.1(3.6)_V2035,5 347 р
Видеокамера Optimus IP-E021.3(3.6)P,5 262 р
Видеокамера Optimus IP-E022.1(3.6),5 538 р
